subject_id,subject_name,ia1_score,ia2_score,ia3_score,ia_avg,ia_trend_delta,attendance_percentage,assignments_completed,assignments_total,assignment_ratio_pct,backlog_probability_%,backlog_risk_label,risk_category
SUBJ-101,Data Structures & Algorithms,64.3,65.4,62.1,63.9,-2.2,55.0,6,10,60.0,1.4,0,Low Risk
SUBJ-102,Database Management Systems,62.0,62.6,68.9,64.5,6.9,85.2,9,10,90.0,0.0,0,Low Risk
SUBJ-103,Operating Systems,48.1,56.4,57.0,53.8,8.9,74.5,8,10,80.0,0.3,0,Low Risk
SUBJ-104,Computer Networks,42.2,50.3,51.2,47.9,9.0,81.3,8,10,80.0,0.4,0,Low Risk
SUBJ-105,Theory of Computation,71.6,66.2,53.4,63.7,-18.2,67.5,6,10,60.0,2.6,0,Low Risk
SUBJ-106,Software Engineering,87.3,78.2,60.8,75.4,-26.5,74.8,7,10,70.0,0.5,0,Low Risk
SUBJ-107,Machine Learning Fundamentals,76.4,82.9,90.3,83.2,13.9,82.7,8,10,80.0,0.0,0,Low Risk
SUBJ-108,Object Oriented Programming,52.8,54.3,70.7,59.3,17.9,64.5,5,10,50.0,0.3,0,Low Risk
SUBJ-109,Discrete Mathematics,91.7,99.8,100.0,97.2,8.3,74.7,6,10,60.0,0.0,0,Low Risk
SUBJ-110,Digital Logic & Design,67.1,50.9,39.3,52.4,-27.8,71.6,8,10,80.0,7.7,0,Low Risk
SUBJ-111,Data Structures & Algorithms,95.9,96.4,96.4,96.2,0.5,64.4,8,10,80.0,0.0,0,Low Risk
SUBJ-112,Database Management Systems,58.4,59.6,62.2,60.1,3.8,50.2,4,10,40.0,3.7,0,Low Risk
SUBJ-113,Operating Systems,62.2,72.0,81.5,71.9,19.3,78.4,9,10,90.0,0.0,0,Low Risk
SUBJ-114,Computer Networks,84.5,77.8,70.4,77.6,-14.1,93.2,9,10,90.0,0.0,0,Low Risk
SUBJ-115,Theory of Computation,96.4,100.0,100.0,98.8,3.6,60.2,6,10,60.0,0.0,0,Low Risk
SUBJ-116,Software Engineering,97.3,87.9,96.1,93.8,-1.2,83.8,8,10,80.0,0.0,0,Low Risk
SUBJ-117,Machine Learning Fundamentals,57.9,66.8,76.4,67.0,18.5,95.1,9,10,90.0,0.0,0,Low Risk
SUBJ-118,Object Oriented Programming,63.0,49.9,31.1,48.0,-31.9,88.4,9,10,90.0,5.3,0,Low Risk
SUBJ-119,Discrete Mathematics,100.0,100.0,100.0,100.0,0.0,80.5,10,10,100.0,0.0,0,Low Risk
SUBJ-120,Digital Logic & Design,49.0,62.1,69.5,60.2,20.5,76.7,7,10,70.0,0.1,0,Low Risk
SUBJ-121,Data Structures & Algorithms,49.6,57.8,51.0,52.8,1.4,80.5,6,10,60.0,1.0,0,Low Risk
SUBJ-122,Database Management Systems,63.8,78.7,83.4,75.3,19.6,60.4,7,10,70.0,0.0,0,Low Risk
SUBJ-123,Operating Systems,80.2,78.0,71.3,76.5,-8.9,85.8,10,10,100.0,0.0,0,Low Risk
SUBJ-124,Computer Networks,80.0,100.0,100.0,93.3,20.0,77.6,10,10,100.0,0.0,0,Low Risk
SUBJ-125,Theory of Computation,74.1,81.0,78.6,77.9,4.5,80.2,8,10,80.0,0.0,0,Low Risk
SUBJ-126,Software Engineering,65.2,63.3,69.7,66.1,4.5,73.3,6,10,60.0,0.2,0,Low Risk
SUBJ-127,Machine Learning Fundamentals,74.9,68.6,64.0,69.2,-10.9,67.9,7,10,70.0,0.4,0,Low Risk
SUBJ-128,Object Oriented Programming,78.5,80.3,95.3,84.7,16.8,49.9,6,10,60.0,0.0,0,Low Risk
SUBJ-129,Discrete Mathematics,62.3,79.3,100.0,80.5,37.7,69.8,7,10,70.0,0.0,0,Low Risk
SUBJ-130,Digital Logic & Design,54.6,51.5,51.6,52.6,-3.0,46.5,7,10,70.0,6.3,0,Low Risk
SUBJ-131,Data Structures & Algorithms,79.3,69.0,78.3,75.5,-1.0,63.8,5,10,50.0,0.2,0,Low Risk
SUBJ-132,Database Management Systems,63.0,75.7,78.1,72.3,15.1,53.6,5,10,50.0,0.2,0,Low Risk
SUBJ-133,Operating Systems,91.6,69.8,60.9,74.1,-30.7,100.0,10,10,100.0,0.0,0,Low Risk
SUBJ-134,Computer Networks,63.0,52.8,47.5,54.4,-15.5,84.1,8,10,80.0,1.1,0,Low Risk
SUBJ-135,Theory of Computation,43.3,33.6,8.9,28.6,-34.4,71.3,8,10,80.0,79.5,1,High Risk
SUBJ-136,Software Engineering,92.9,98.5,100.0,97.1,7.1,66.6,8,10,80.0,0.0,0,Low Risk
SUBJ-137,Machine Learning Fundamentals,87.8,100.0,100.0,95.9,12.2,80.3,8,10,80.0,0.0,0,Low Risk
SUBJ-138,Object Oriented Programming,100.0,81.6,71.4,84.3,-28.6,87.0,7,10,70.0,0.1,0,Low Risk
SUBJ-139,Discrete Mathematics,16.7,13.4,13.3,14.5,-3.4,65.2,5,10,50.0,87.7,1,High Risk
SUBJ-140,Digital Logic & Design,38.3,46.0,52.1,45.5,13.8,73.3,9,10,90.0,0.4,0,Low Risk
SUBJ-141,Data Structures & Algorithms,60.5,49.8,31.0,47.1,-29.5,78.2,8,10,80.0,12.6,0,Low Risk
SUBJ-142,Database Management Systems,56.5,68.5,70.1,65.0,13.6,68.9,6,10,60.0,0.1,0,Low Risk
SUBJ-143,Operating Systems,56.8,53.9,62.4,57.7,5.6,89.2,10,10,100.0,0.0,0,Low Risk
SUBJ-144,Computer Networks,62.0,50.5,42.3,51.6,-19.7,65.3,9,10,90.0,4.4,0,Low Risk
SUBJ-145,Theory of Computation,61.9,63.0,65.8,63.6,3.9,82.5,9,10,90.0,0.0,0,Low Risk
SUBJ-146,Software Engineering,26.1,39.6,55.6,40.4,29.5,100.0,8,10,80.0,0.1,0,Low Risk
SUBJ-147,Machine Learning Fundamentals,65.0,80.7,85.2,77.0,20.2,100.0,10,10,100.0,0.0,0,Low Risk
SUBJ-148,Object Oriented Programming,40.1,31.5,21.3,31.0,-18.8,95.2,8,10,80.0,13.8,0,Low Risk
SUBJ-149,Discrete Mathematics,87.6,78.6,71.6,79.3,-16.0,66.3,7,10,70.0,0.2,0,Low Risk
SUBJ-150,Digital Logic & Design,62.0,82.4,93.9,79.4,31.9,67.1,6,10,60.0,0.0,0,Low Risk
SUBJ-151,Data Structures & Algorithms,86.5,88.0,93.8,89.4,7.3,74.4,8,10,80.0,0.0,0,Low Risk
SUBJ-152,Database Management Systems,71.7,75.7,74.3,73.9,2.6,62.8,5,10,50.0,0.2,0,Low Risk
SUBJ-153,Operating Systems,59.2,66.2,77.9,67.8,18.7,76.3,6,10,60.0,0.0,0,Low Risk
SUBJ-154,Computer Networks,61.3,42.9,31.1,45.1,-30.2,69.6,6,10,60.0,39.5,1,Medium Risk
SUBJ-155,Theory of Computation,70.2,61.6,56.5,62.8,-13.7,89.4,8,10,80.0,0.2,0,Low Risk
SUBJ-156,Software Engineering,81.5,95.4,96.5,91.1,15.0,91.9,8,10,80.0,0.0,0,Low Risk
SUBJ-157,Machine Learning Fundamentals,71.2,77.4,75.2,74.6,4.0,83.9,8,10,80.0,0.0,0,Low Risk
SUBJ-158,Object Oriented Programming,48.0,35.7,38.2,40.6,-9.8,78.4,7,10,70.0,7.1,0,Low Risk
SUBJ-159,Discrete Mathematics,89.5,77.4,75.1,80.7,-14.4,54.8,5,10,50.0,0.6,0,Low Risk
SUBJ-160,Digital Logic & Design,58.5,58.8,65.7,61.0,7.2,79.2,8,10,80.0,0.1,0,Low Risk
SUBJ-161,Data Structures & Algorithms,54.4,66.4,64.5,61.8,10.1,76.4,8,10,80.0,0.1,0,Low Risk
SUBJ-162,Database Management Systems,66.7,52.5,41.1,53.4,-25.6,91.8,10,10,100.0,0.8,0,Low Risk
SUBJ-163,Operating Systems,62.6,72.4,60.5,65.2,-2.1,82.8,7,10,70.0,0.2,0,Low Risk
SUBJ-164,Computer Networks,10.5,5.0,5.0,6.8,-5.5,72.8,6,10,60.0,90.6,1,High Risk
SUBJ-165,Theory of Computation,69.0,74.2,78.6,73.9,9.6,77.7,8,10,80.0,0.0,0,Low Risk
SUBJ-166,Software Engineering,91.8,74.4,59.7,75.3,-32.1,86.2,9,10,90.0,0.2,0,Low Risk
SUBJ-167,Machine Learning Fundamentals,73.0,64.9,60.2,66.0,-12.8,97.4,10,10,100.0,0.0,0,Low Risk
SUBJ-168,Object Oriented Programming,54.0,55.3,61.3,56.9,7.3,49.4,6,10,60.0,1.9,0,Low Risk
SUBJ-169,Discrete Mathematics,40.5,41.1,47.5,43.0,7.0,77.0,7,10,70.0,1.5,0,Low Risk
SUBJ-170,Digital Logic & Design,100.0,69.6,57.1,75.6,-42.9,57.8,5,10,50.0,9.1,0,Low Risk
SUBJ-171,Data Structures & Algorithms,75.6,71.9,63.9,70.5,-11.7,94.1,9,10,90.0,0.0,0,Low Risk
SUBJ-172,Database Management Systems,69.3,67.4,65.7,67.5,-3.6,61.8,7,10,70.0,0.4,0,Low Risk
SUBJ-173,Operating Systems,92.6,100.0,100.0,97.5,7.4,80.2,8,10,80.0,0.0,0,Low Risk
SUBJ-174,Computer Networks,82.4,70.8,50.1,67.8,-32.3,75.9,8,10,80.0,1.4,0,Low Risk
SUBJ-175,Theory of Computation,89.0,96.3,96.0,93.8,7.0,56.2,4,10,40.0,0.0,0,Low Risk
SUBJ-176,Software Engineering,51.2,50.5,47.7,49.8,-3.5,90.6,10,10,100.0,0.2,0,Low Risk
SUBJ-177,Machine Learning Fundamentals,55.5,38.4,36.6,43.5,-18.9,92.6,9,10,90.0,2.1,0,Low Risk
SUBJ-178,Object Oriented Programming,68.8,44.4,24.9,46.0,-43.9,68.0,8,10,80.0,48.2,1,Medium Risk
SUBJ-179,Discrete Mathematics,81.4,76.2,70.8,76.1,-10.6,57.7,7,10,70.0,0.3,0,Low Risk
SUBJ-180,Digital Logic & Design,90.8,90.3,91.8,91.0,1.0,78.6,7,10,70.0,0.0,0,Low Risk
SUBJ-181,Data Structures & Algorithms,57.5,46.2,43.8,49.2,-13.7,54.9,8,10,80.0,9.1,0,Low Risk
SUBJ-182,Database Management Systems,83.2,65.4,46.3,65.0,-36.9,72.3,4,10,40.0,14.9,0,Low Risk
SUBJ-183,Operating Systems,78.8,64.0,44.5,62.4,-34.3,84.9,8,10,80.0,1.9,0,Low Risk
SUBJ-184,Computer Networks,100.0,97.6,90.0,95.9,-10.0,57.2,6,10,60.0,0.0,0,Low Risk
SUBJ-185,Theory of Computation,66.5,65.2,69.1,66.9,2.6,100.0,9,10,90.0,0.0,0,Low Risk
SUBJ-186,Software Engineering,93.9,98.8,92.0,94.9,-1.9,95.2,10,10,100.0,0.0,0,Low Risk
SUBJ-187,Machine Learning Fundamentals,42.1,26.8,10.4,26.4,-31.7,77.4,8,10,80.0,71.6,1,High Risk
SUBJ-188,Object Oriented Programming,71.8,55.9,44.6,57.4,-27.2,61.5,6,10,60.0,14.4,0,Low Risk
SUBJ-189,Discrete Mathematics,60.5,51.6,48.1,53.4,-12.4,83.1,9,10,90.0,0.7,0,Low Risk
SUBJ-190,Digital Logic & Design,62.3,58.2,57.4,59.3,-4.9,53.6,6,10,60.0,3.1,0,Low Risk
SUBJ-191,Data Structures & Algorithms,85.9,85.7,84.8,85.5,-1.1,85.4,9,10,90.0,0.0,0,Low Risk
SUBJ-192,Database Management Systems,64.2,68.0,63.8,65.3,-0.4,73.6,7,10,70.0,0.2,0,Low Risk
SUBJ-193,Operating Systems,73.8,75.3,74.6,74.6,0.8,78.9,8,10,80.0,0.0,0,Low Risk
SUBJ-194,Computer Networks,81.3,77.8,67.4,75.5,-13.9,93.6,10,10,100.0,0.0,0,Low Risk
SUBJ-195,Theory of Computation,78.1,66.3,61.4,68.6,-16.7,75.7,8,10,80.0,0.3,0,Low Risk
SUBJ-196,Software Engineering,47.7,32.3,24.2,34.7,-23.5,50.0,6,10,60.0,82.1,1,High Risk
SUBJ-197,Machine Learning Fundamentals,81.2,63.6,53.1,66.0,-28.1,42.1,4,10,40.0,29.4,0,Low Risk
SUBJ-198,Object Oriented Programming,76.1,70.2,66.7,71.0,-9.4,91.3,9,10,90.0,0.0,0,Low Risk
SUBJ-199,Discrete Mathematics,53.3,62.5,60.4,58.7,7.1,61.3,5,10,50.0,1.3,0,Low Risk
SUBJ-200,Digital Logic & Design,37.1,14.1,5.0,18.7,-32.1,60.3,7,10,70.0,96.3,1,High Risk
SUBJ-201,Data Structures & Algorithms,33.0,30.7,33.1,32.3,0.1,86.4,9,10,90.0,2.8,0,Low Risk
SUBJ-202,Database Management Systems,46.2,45.7,39.5,43.8,-6.7,91.4,9,10,90.0,0.9,0,Low Risk
SUBJ-203,Operating Systems,61.6,71.5,76.1,69.7,14.5,85.5,10,10,100.0,0.0,0,Low Risk
SUBJ-204,Computer Networks,95.6,100.0,82.2,92.6,-13.4,70.8,6,10,60.0,0.0,0,Low Risk
SUBJ-205,Theory of Computation,97.4,82.7,73.0,84.4,-24.4,71.5,6,10,60.0,0.2,0,Low Risk
SUBJ-206,Software Engineering,52.9,48.0,51.0,50.6,-1.9,62.7,4,10,40.0,8.7,0,Low Risk
SUBJ-207,Machine Learning Fundamentals,67.0,73.3,70.1,70.1,3.1,59.7,5,10,50.0,0.5,0,Low Risk
SUBJ-208,Object Oriented Programming,62.5,78.3,99.8,80.2,37.3,96.4,10,10,100.0,0.0,0,Low Risk
SUBJ-209,Discrete Mathematics,49.9,56.8,58.4,55.0,8.5,56.4,6,10,60.0,1.6,0,Low Risk
SUBJ-210,Digital Logic & Design,39.8,22.2,18.5,26.8,-21.3,100.0,10,10,100.0,9.2,0,Low Risk
SUBJ-211,Data Structures & Algorithms,55.1,66.4,67.8,63.1,12.7,74.0,10,10,100.0,0.0,0,Low Risk
SUBJ-212,Database Management Systems,62.4,65.1,58.3,61.9,-4.1,72.5,6,10,60.0,0.8,0,Low Risk
SUBJ-213,Operating Systems,78.6,83.5,82.2,81.4,3.6,71.6,8,10,80.0,0.0,0,Low Risk
SUBJ-214,Computer Networks,70.6,53.1,51.0,58.2,-19.6,47.9,6,10,60.0,14.1,0,Low Risk
SUBJ-215,Theory of Computation,37.7,38.9,17.0,31.2,-20.7,49.2,4,10,40.0,94.5,1,High Risk
SUBJ-216,Software Engineering,61.4,50.1,44.3,51.9,-17.1,64.1,7,10,70.0,7.7,0,Low Risk
SUBJ-217,Machine Learning Fundamentals,88.8,78.3,71.7,79.6,-17.1,71.9,7,10,70.0,0.1,0,Low Risk
SUBJ-218,Object Oriented Programming,46.0,29.1,10.6,28.6,-35.4,92.3,9,10,90.0,41.8,1,Medium Risk
SUBJ-219,Discrete Mathematics,88.6,63.1,52.4,68.0,-36.2,65.3,5,10,50.0,9.1,0,Low Risk
SUBJ-220,Digital Logic & Design,63.7,49.6,37.0,50.1,-26.7,39.7,5,10,50.0,70.3,1,High Risk
SUBJ-221,Data Structures & Algorithms,65.5,42.5,38.8,48.9,-26.7,53.8,5,10,50.0,50.5,1,Medium Risk
SUBJ-222,Database Management Systems,74.9,57.5,41.5,58.0,-33.4,94.0,10,10,100.0,0.8,0,Low Risk
SUBJ-223,Operating Systems,100.0,91.4,96.6,96.0,-3.4,87.5,10,10,100.0,0.0,0,Low Risk
SUBJ-224,Computer Networks,49.6,37.6,22.8,36.7,-26.8,72.3,8,10,80.0,37.6,1,Medium Risk
SUBJ-225,Theory of Computation,87.8,65.3,51.9,68.3,-35.9,81.0,9,10,90.0,0.8,0,Low Risk
SUBJ-226,Software Engineering,52.9,77.1,98.4,76.1,45.5,75.7,8,10,80.0,0.0,0,Low Risk
SUBJ-227,Machine Learning Fundamentals,97.7,100.0,100.0,99.2,2.3,88.7,8,10,80.0,0.0,0,Low Risk
SUBJ-228,Object Oriented Programming,80.2,70.1,73.7,74.7,-6.5,80.3,9,10,90.0,0.0,0,Low Risk
SUBJ-229,Discrete Mathematics,56.9,39.7,33.7,43.4,-23.2,75.5,9,10,90.0,8.4,0,Low Risk
SUBJ-230,Digital Logic & Design,63.2,70.1,69.6,67.6,6.4,94.2,10,10,100.0,0.0,0,Low Risk
SUBJ-231,Data Structures & Algorithms,33.7,38.1,28.9,33.6,-4.8,67.9,6,10,60.0,30.6,0,Low Risk
SUBJ-232,Database Management Systems,45.5,23.0,5.0,24.5,-40.5,55.0,4,10,40.0,99.2,1,High Risk
SUBJ-233,Operating Systems,54.2,42.8,31.1,42.7,-23.1,70.0,6,10,60.0,33.5,0,Low Risk
SUBJ-234,Computer Networks,95.4,82.6,80.9,86.3,-14.5,45.6,4,10,40.0,0.7,0,Low Risk
SUBJ-235,Theory of Computation,68.6,65.6,71.6,68.6,3.0,54.2,5,10,50.0,0.7,0,Low Risk
SUBJ-236,Software Engineering,79.0,87.4,82.3,82.9,3.3,69.7,4,10,40.0,0.1,0,Low Risk
SUBJ-237,Machine Learning Fundamentals,93.4,87.6,84.0,88.3,-9.4,77.5,6,10,60.0,0.0,0,Low Risk
SUBJ-238,Object Oriented Programming,69.7,62.3,38.5,56.8,-31.2,83.9,9,10,90.0,2.3,0,Low Risk
SUBJ-239,Discrete Mathematics,100.0,72.4,54.7,75.7,-45.3,81.0,9,10,90.0,0.6,0,Low Risk
SUBJ-240,Digital Logic & Design,34.0,51.0,68.3,51.1,34.3,70.5,8,10,80.0,0.1,0,Low Risk
SUBJ-241,Data Structures & Algorithms,100.0,100.0,99.5,99.8,-0.5,55.7,7,10,70.0,0.0,0,Low Risk
SUBJ-242,Database Management Systems,62.2,52.1,47.3,53.9,-14.9,61.7,6,10,60.0,8.4,0,Low Risk
SUBJ-243,Operating Systems,71.3,66.6,70.3,69.4,-1.0,67.6,8,10,80.0,0.1,0,Low Risk
SUBJ-244,Computer Networks,61.0,47.6,44.6,51.1,-16.4,78.6,8,10,80.0,2.3,0,Low Risk
SUBJ-245,Theory of Computation,71.0,54.2,45.6,56.9,-25.4,74.3,8,10,80.0,3.0,0,Low Risk
SUBJ-246,Software Engineering,63.6,80.1,90.1,77.9,26.5,78.6,9,10,90.0,0.0,0,Low Risk
SUBJ-247,Machine Learning Fundamentals,72.5,93.7,100.0,88.7,27.5,76.5,8,10,80.0,0.0,0,Low Risk
SUBJ-248,Object Oriented Programming,74.6,78.1,80.3,77.7,5.7,100.0,10,10,100.0,0.0,0,Low Risk
SUBJ-249,Discrete Mathematics,76.1,77.4,76.6,76.7,0.5,58.9,6,10,60.0,0.2,0,Low Risk
SUBJ-250,Digital Logic & Design,51.5,43.2,36.6,43.8,-14.9,79.9,8,10,80.0,5.0,0,Low Risk
SUBJ-251,Data Structures & Algorithms,58.9,45.0,36.7,46.9,-22.2,74.9,6,10,60.0,16.1,0,Low Risk
SUBJ-252,Database Management Systems,66.5,55.8,44.4,55.6,-22.1,92.8,10,10,100.0,0.4,0,Low Risk
SUBJ-253,Operating Systems,82.3,66.2,49.0,65.8,-33.3,100.0,9,10,90.0,0.3,0,Low Risk
SUBJ-254,Computer Networks,61.8,53.5,38.4,51.2,-23.4,62.0,5,10,50.0,30.3,0,Low Risk
SUBJ-255,Theory of Computation,60.5,52.9,42.3,51.9,-18.2,89.0,8,10,80.0,1.5,0,Low Risk
SUBJ-256,Software Engineering,61.0,63.1,69.2,64.4,8.2,80.6,8,10,80.0,0.0,0,Low Risk
SUBJ-257,Machine Learning Fundamentals,68.4,85.5,97.6,83.8,29.2,59.5,5,10,50.0,0.0,0,Low Risk
SUBJ-258,Object Oriented Programming,55.4,52.5,61.5,56.5,6.1,76.1,5,10,50.0,0.7,0,Low Risk
SUBJ-259,Discrete Mathematics,39.7,26.9,15.6,27.4,-24.1,71.4,7,10,70.0,70.9,1,High Risk
SUBJ-260,Digital Logic & Design,70.5,73.8,89.4,77.9,18.9,53.3,4,10,40.0,0.1,0,Low Risk
SUBJ-261,Data Structures & Algorithms,74.5,70.7,72.8,72.7,-1.7,73.5,9,10,90.0,0.0,0,Low Risk
SUBJ-262,Database Management Systems,54.5,57.3,55.8,55.9,1.3,75.2,8,10,80.0,0.4,0,Low Risk
SUBJ-263,Operating Systems,74.6,70.0,63.8,69.5,-10.8,73.4,7,10,70.0,0.3,0,Low Risk
SUBJ-264,Computer Networks,50.5,46.3,55.2,50.7,4.7,79.0,6,10,60.0,0.9,0,Low Risk
SUBJ-265,Theory of Computation,73.9,86.5,88.8,83.1,14.9,66.1,6,10,60.0,0.0,0,Low Risk
SUBJ-266,Software Engineering,46.3,47.2,44.9,46.1,-1.4,65.7,7,10,70.0,4.3,0,Low Risk
SUBJ-267,Machine Learning Fundamentals,51.7,46.6,37.4,45.2,-14.3,87.6,10,10,100.0,1.2,0,Low Risk
SUBJ-268,Object Oriented Programming,69.7,72.8,80.8,74.4,11.1,99.2,10,10,100.0,0.0,0,Low Risk
SUBJ-269,Discrete Mathematics,82.0,69.8,70.9,74.2,-11.1,54.0,8,10,80.0,0.3,0,Low Risk
SUBJ-270,Digital Logic & Design,83.4,92.4,85.5,87.1,2.1,59.8,5,10,50.0,0.1,0,Low Risk
SUBJ-271,Data Structures & Algorithms,55.8,56.2,50.9,54.3,-4.9,98.4,8,10,80.0,0.2,0,Low Risk
SUBJ-272,Database Management Systems,50.6,49.0,42.0,47.2,-8.6,61.5,5,10,50.0,17.5,0,Low Risk
SUBJ-273,Operating Systems,61.3,59.1,57.2,59.2,-4.1,90.6,10,10,100.0,0.1,0,Low Risk
SUBJ-274,Computer Networks,86.7,78.0,61.3,75.3,-25.4,80.1,7,10,70.0,0.3,0,Low Risk
SUBJ-275,Theory of Computation,78.6,57.0,42.5,59.4,-36.1,68.8,7,10,70.0,10.5,0,Low Risk
SUBJ-276,Software Engineering,49.9,18.1,7.3,25.1,-42.6,57.7,5,10,50.0,98.6,1,High Risk
SUBJ-277,Machine Learning Fundamentals,34.1,25.7,26.8,28.9,-7.3,82.3,8,10,80.0,13.6,0,Low Risk
SUBJ-278,Object Oriented Programming,89.1,88.8,96.6,91.5,7.5,100.0,10,10,100.0,0.0,0,Low Risk
SUBJ-279,Discrete Mathematics,100.0,99.9,98.4,99.4,-1.6,75.3,6,10,60.0,0.0,0,Low Risk
SUBJ-280,Digital Logic & Design,65.5,60.0,45.0,56.8,-20.5,69.1,8,10,80.0,3.2,0,Low Risk
SUBJ-281,Data Structures & Algorithms,73.7,96.5,100.0,90.1,26.3,94.5,9,10,90.0,0.0,0,Low Risk
SUBJ-282,Database Management Systems,67.8,69.8,79.5,72.4,11.7,83.3,9,10,90.0,0.0,0,Low Risk
SUBJ-283,Operating Systems,72.7,70.5,65.3,69.5,-7.4,56.4,6,10,60.0,0.9,0,Low Risk
SUBJ-284,Computer Networks,68.0,57.2,41.1,55.4,-26.9,99.7,9,10,90.0,0.7,0,Low Risk
SUBJ-285,Theory of Computation,66.6,74.8,87.0,76.1,20.4,71.6,6,10,60.0,0.0,0,Low Risk
SUBJ-286,Software Engineering,87.9,75.0,78.2,80.4,-9.7,84.1,7,10,70.0,0.0,0,Low Risk
SUBJ-287,Machine Learning Fundamentals,69.0,55.4,46.1,56.8,-22.9,64.3,6,10,60.0,9.7,0,Low Risk
SUBJ-288,Object Oriented Programming,81.9,92.7,93.9,89.5,12.0,77.1,8,10,80.0,0.0,0,Low Risk
SUBJ-289,Discrete Mathematics,100.0,100.0,100.0,100.0,0.0,51.0,6,10,60.0,0.0,0,Low Risk
SUBJ-290,Digital Logic & Design,71.8,62.0,58.7,64.2,-13.1,87.8,7,10,70.0,0.3,0,Low Risk
SUBJ-291,Data Structures & Algorithms,67.0,57.8,46.6,57.1,-20.4,66.8,6,10,60.0,7.0,0,Low Risk
SUBJ-292,Database Management Systems,72.4,54.4,43.0,56.6,-29.4,81.7,7,10,70.0,4.2,0,Low Risk
SUBJ-293,Operating Systems,69.2,88.8,100.0,86.0,30.8,78.7,7,10,70.0,0.0,0,Low Risk
SUBJ-294,Computer Networks,95.7,90.9,83.1,89.9,-12.6,76.0,9,10,90.0,0.0,0,Low Risk
SUBJ-295,Theory of Computation,75.1,95.5,100.0,90.2,24.9,66.8,7,10,70.0,0.0,0,Low Risk
SUBJ-296,Software Engineering,59.0,40.4,41.8,47.1,-17.2,78.7,9,10,90.0,2.5,0,Low Risk
SUBJ-297,Machine Learning Fundamentals,67.3,78.8,87.9,78.0,20.6,100.0,10,10,100.0,0.0,0,Low Risk
SUBJ-298,Object Oriented Programming,84.6,68.3,51.7,68.2,-32.9,83.5,9,10,90.0,0.6,0,Low Risk
SUBJ-299,Discrete Mathematics,69.0,84.2,90.1,81.1,21.1,76.5,8,10,80.0,0.0,0,Low Risk
SUBJ-300,Digital Logic & Design,79.0,65.1,47.5,63.9,-31.5,84.8,9,10,90.0,0.8,0,Low Risk
SUBJ-301,Data Structures & Algorithms,68.8,56.4,39.5,54.9,-29.3,77.8,9,10,90.0,3.3,0,Low Risk
SUBJ-302,Database Management Systems,65.5,64.9,67.6,66.0,2.1,58.5,7,10,70.0,0.4,0,Low Risk
SUBJ-303,Operating Systems,77.3,71.0,69.9,72.7,-7.4,75.2,6,10,60.0,0.2,0,Low Risk
SUBJ-304,Computer Networks,75.0,66.8,68.8,70.2,-6.2,50.1,2,10,20.0,4.8,0,Low Risk
SUBJ-305,Theory of Computation,69.4,64.2,63.5,65.7,-5.9,56.4,6,10,60.0,1.3,0,Low Risk
SUBJ-306,Software Engineering,41.0,31.1,28.5,33.5,-12.5,87.0,10,10,100.0,4.4,0,Low Risk
SUBJ-307,Machine Learning Fundamentals,46.7,24.3,22.4,31.1,-24.3,85.4,8,10,80.0,27.4,0,Low Risk
SUBJ-308,Object Oriented Programming,76.6,89.9,93.4,86.6,16.8,34.1,3,10,30.0,0.2,0,Low Risk
SUBJ-309,Discrete Mathematics,54.6,48.8,40.8,48.1,-13.8,95.1,10,10,100.0,0.5,0,Low Risk
SUBJ-310,Digital Logic & Design,62.7,75.1,72.6,70.1,9.9,86.9,8,10,80.0,0.0,0,Low Risk
SUBJ-311,Data Structures & Algorithms,84.9,60.4,29.9,58.4,-55.0,73.0,7,10,70.0,36.7,1,Medium Risk
SUBJ-312,Database Management Systems,49.7,31.5,19.5,33.6,-30.2,94.0,10,10,100.0,12.0,0,Low Risk
SUBJ-313,Operating Systems,70.6,59.0,45.4,58.3,-25.2,79.3,9,10,90.0,1.4,0,Low Risk
SUBJ-314,Computer Networks,63.5,75.9,72.4,70.6,8.9,93.8,10,10,100.0,0.0,0,Low Risk
SUBJ-315,Theory of Computation,60.1,34.1,29.1,41.1,-31.0,91.0,9,10,90.0,8.0,0,Low Risk
SUBJ-316,Software Engineering,76.5,77.7,86.2,80.1,9.7,58.6,5,10,50.0,0.1,0,Low Risk
SUBJ-317,Machine Learning Fundamentals,33.6,27.2,9.6,23.5,-24.0,68.3,5,10,50.0,92.3,1,High Risk
SUBJ-318,Object Oriented Programming,81.9,84.2,79.5,81.9,-2.4,62.4,7,10,70.0,0.1,0,Low Risk
SUBJ-319,Discrete Mathematics,73.3,46.3,16.4,45.3,-56.9,100.0,9,10,90.0,24.4,0,Low Risk
SUBJ-320,Digital Logic & Design,73.7,68.2,55.7,65.9,-18.0,94.0,10,10,100.0,0.1,0,Low Risk
SUBJ-321,Data Structures & Algorithms,70.1,67.8,52.3,63.4,-17.8,68.3,8,10,80.0,1.2,0,Low Risk
SUBJ-322,Database Management Systems,57.9,51.6,38.1,49.2,-19.8,82.8,9,10,90.0,2.4,0,Low Risk
SUBJ-323,Operating Systems,97.0,100.0,100.0,99.0,3.0,94.5,8,10,80.0,0.0,0,Low Risk
SUBJ-324,Computer Networks,66.9,78.9,80.8,75.5,13.9,52.3,5,10,50.0,0.1,0,Low Risk
SUBJ-325,Theory of Computation,68.0,78.6,79.7,75.4,11.7,82.5,7,10,70.0,0.0,0,Low Risk
SUBJ-326,Software Engineering,97.4,87.8,89.2,91.5,-8.2,47.9,6,10,60.0,0.1,0,Low Risk
SUBJ-327,Machine Learning Fundamentals,77.1,81.5,78.5,79.0,1.4,95.8,8,10,80.0,0.0,0,Low Risk
SUBJ-328,Object Oriented Programming,100.0,86.1,83.5,89.9,-16.5,69.1,7,10,70.0,0.0,0,Low Risk
SUBJ-329,Discrete Mathematics,70.9,62.8,59.6,64.4,-11.3,73.1,6,10,60.0,0.9,0,Low Risk
SUBJ-330,Digital Logic & Design,34.4,10.3,5.0,16.6,-29.4,80.2,8,10,80.0,84.2,1,High Risk
SUBJ-331,Data Structures & Algorithms,46.6,26.3,9.3,27.4,-37.3,86.0,7,10,70.0,75.4,1,High Risk
SUBJ-332,Database Management Systems,63.3,74.8,93.8,77.3,30.5,71.3,6,10,60.0,0.0,0,Low Risk
SUBJ-333,Operating Systems,74.3,64.2,56.4,65.0,-17.9,94.3,9,10,90.0,0.1,0,Low Risk
SUBJ-334,Computer Networks,90.0,71.4,53.5,71.6,-36.5,63.6,7,10,70.0,3.5,0,Low Risk
SUBJ-335,Theory of Computation,68.6,70.3,72.1,70.3,3.5,82.6,7,10,70.0,0.0,0,Low Risk
SUBJ-336,Software Engineering,82.9,100.0,100.0,94.3,17.1,65.3,6,10,60.0,0.0,0,Low Risk
SUBJ-337,Machine Learning Fundamentals,60.2,45.8,34.4,46.8,-25.8,78.8,9,10,90.0,6.0,0,Low Risk
SUBJ-338,Object Oriented Programming,67.0,62.4,61.2,63.5,-5.8,47.1,5,10,50.0,4.2,0,Low Risk
SUBJ-339,Discrete Mathematics,50.3,26.8,5.0,27.4,-45.3,88.2,9,10,90.0,70.8,1,High Risk
SUBJ-340,Digital Logic & Design,35.7,37.7,40.5,38.0,4.8,70.8,7,10,70.0,5.2,0,Low Risk
SUBJ-341,Data Structures & Algorithms,40.4,50.5,43.2,44.7,2.8,69.6,8,10,80.0,2.2,0,Low Risk
SUBJ-342,Database Management Systems,67.5,66.1,53.7,62.4,-13.8,81.3,9,10,90.0,0.3,0,Low Risk
SUBJ-343,Operating Systems,63.1,71.1,67.7,67.3,4.6,78.5,7,10,70.0,0.1,0,Low Risk
SUBJ-344,Computer Networks,50.9,70.6,94.4,72.0,43.5,75.2,7,10,70.0,0.0,0,Low Risk
SUBJ-345,Theory of Computation,65.3,46.0,28.7,46.7,-36.6,100.0,9,10,90.0,4.4,0,Low Risk
SUBJ-346,Software Engineering,96.1,95.2,83.0,91.4,-13.1,74.8,7,10,70.0,0.0,0,Low Risk
SUBJ-347,Machine Learning Fundamentals,30.0,21.4,14.2,21.9,-15.8,65.5,6,10,60.0,84.0,1,High Risk
SUBJ-348,Object Oriented Programming,55.4,45.2,32.7,44.4,-22.7,74.5,7,10,70.0,16.9,0,Low Risk
SUBJ-349,Discrete Mathematics,74.1,81.3,91.9,82.4,17.8,93.5,8,10,80.0,0.0,0,Low Risk
SUBJ-350,Digital Logic & Design,97.0,85.1,73.6,85.2,-23.4,82.2,9,10,90.0,0.0,0,Low Risk
SUBJ-351,Data Structures & Algorithms,67.8,56.4,54.1,59.4,-13.7,100.0,9,10,90.0,0.1,0,Low Risk
SUBJ-352,Database Management Systems,82.3,58.7,37.2,59.4,-45.1,69.0,6,10,60.0,28.0,0,Low Risk
SUBJ-353,Operating Systems,78.7,96.8,97.1,90.9,18.4,87.0,9,10,90.0,0.0,0,Low Risk
SUBJ-354,Computer Networks,89.1,100.0,100.0,96.4,10.9,75.0,8,10,80.0,0.0,0,Low Risk
SUBJ-355,Theory of Computation,54.0,68.9,92.4,71.8,38.4,68.9,7,10,70.0,0.0,0,Low Risk
SUBJ-356,Software Engineering,79.1,63.8,56.6,66.5,-22.5,66.7,7,10,70.0,1.6,0,Low Risk
SUBJ-357,Machine Learning Fundamentals,27.4,20.5,11.5,19.8,-15.9,63.6,6,10,60.0,88.9,1,High Risk
SUBJ-358,Object Oriented Programming,80.6,81.7,79.9,80.7,-0.7,74.7,7,10,70.0,0.0,0,Low Risk
SUBJ-359,Discrete Mathematics,67.4,39.2,8.4,38.3,-59.0,94.1,10,10,100.0,47.8,1,Medium Risk
SUBJ-360,Digital Logic & Design,61.8,80.5,100.0,80.8,38.2,81.1,8,10,80.0,0.0,0,Low Risk
SUBJ-361,Data Structures & Algorithms,45.9,26.1,24.5,32.2,-21.4,71.5,8,10,80.0,37.6,1,Medium Risk
SUBJ-362,Database Management Systems,85.3,61.1,50.5,65.6,-34.8,100.0,9,10,90.0,0.3,0,Low Risk
SUBJ-363,Operating Systems,89.9,100.0,100.0,96.6,10.1,100.0,9,10,90.0,0.0,0,Low Risk
SUBJ-364,Computer Networks,100.0,100.0,91.5,97.2,-8.5,67.0,7,10,70.0,0.0,0,Low Risk
SUBJ-365,Theory of Computation,78.3,70.0,66.3,71.5,-12.0,97.1,10,10,100.0,0.0,0,Low Risk
SUBJ-366,Software Engineering,48.2,47.9,31.3,42.5,-16.9,83.8,7,10,70.0,9.3,0,Low Risk
SUBJ-367,Machine Learning Fundamentals,94.5,97.7,95.8,96.0,1.3,85.5,8,10,80.0,0.0,0,Low Risk
SUBJ-368,Object Oriented Programming,80.2,50.3,38.0,56.2,-42.2,96.3,10,10,100.0,1.6,0,Low Risk
SUBJ-369,Discrete Mathematics,63.3,71.1,68.7,67.7,5.4,85.3,10,10,100.0,0.0,0,Low Risk
SUBJ-370,Digital Logic & Design,51.2,58.2,57.8,55.7,6.6,68.6,6,10,60.0,0.9,0,Low Risk
SUBJ-371,Data Structures & Algorithms,77.6,67.2,58.9,67.9,-18.7,84.9,7,10,70.0,0.4,0,Low Risk
SUBJ-372,Database Management Systems,68.7,60.8,64.4,64.6,-4.3,80.0,8,10,80.0,0.1,0,Low Risk
SUBJ-373,Operating Systems,48.5,61.5,76.0,62.0,27.5,82.7,7,10,70.0,0.0,0,Low Risk
SUBJ-374,Computer Networks,71.5,73.8,77.6,74.3,6.1,81.1,10,10,100.0,0.0,0,Low Risk
SUBJ-375,Theory of Computation,89.3,85.1,80.1,84.8,-9.2,74.7,9,10,90.0,0.0,0,Low Risk
SUBJ-376,Software Engineering,78.8,53.0,46.1,59.3,-32.7,75.5,6,10,60.0,7.5,0,Low Risk
SUBJ-377,Machine Learning Fundamentals,84.2,100.0,100.0,94.7,15.8,73.9,8,10,80.0,0.0,0,Low Risk
SUBJ-378,Object Oriented Programming,54.8,63.7,53.0,57.2,-1.8,67.1,6,10,60.0,1.7,0,Low Risk
SUBJ-379,Discrete Mathematics,83.3,86.6,90.4,86.8,7.1,90.9,8,10,80.0,0.0,0,Low Risk
SUBJ-380,Digital Logic & Design,46.8,40.4,39.4,42.2,-7.4,53.8,5,10,50.0,34.8,0,Low Risk
SUBJ-381,Data Structures & Algorithms,68.9,76.0,77.6,74.2,8.7,60.4,4,10,40.0,0.2,0,Low Risk
SUBJ-382,Database Management Systems,62.2,67.2,86.9,72.1,24.7,74.9,7,10,70.0,0.0,0,Low Risk
SUBJ-383,Operating Systems,66.3,54.0,58.1,59.5,-8.2,76.9,8,10,80.0,0.4,0,Low Risk
SUBJ-384,Computer Networks,60.3,58.7,52.9,57.3,-7.4,67.6,7,10,70.0,1.6,0,Low Risk
SUBJ-385,Theory of Computation,90.2,100.0,100.0,96.7,9.8,100.0,10,10,100.0,0.0,0,Low Risk
SUBJ-386,Software Engineering,44.3,31.5,27.6,34.5,-16.7,88.8,10,10,100.0,4.9,0,Low Risk
SUBJ-387,Machine Learning Fundamentals,77.1,100.0,100.0,92.4,22.9,54.9,5,10,50.0,0.0,0,Low Risk
SUBJ-388,Object Oriented Programming,34.6,41.7,37.5,37.9,2.9,78.7,7,10,70.0,4.3,0,Low Risk
SUBJ-389,Discrete Mathematics,62.4,55.5,32.8,50.2,-29.6,80.5,7,10,70.0,11.8,0,Low Risk
SUBJ-390,Digital Logic & Design,97.9,60.5,36.2,64.9,-61.7,69.0,7,10,70.0,32.3,0,Low Risk
SUBJ-391,Data Structures & Algorithms,73.9,47.4,36.4,52.6,-37.5,70.9,7,10,70.0,20.9,0,Low Risk
SUBJ-392,Database Management Systems,56.3,59.4,62.3,59.3,6.0,85.0,10,10,100.0,0.0,0,Low Risk
SUBJ-393,Operating Systems,54.6,34.2,9.1,32.6,-45.5,100.0,10,10,100.0,30.3,0,Low Risk
SUBJ-394,Computer Networks,75.5,79.2,76.6,77.1,1.1,76.9,9,10,90.0,0.0,0,Low Risk
SUBJ-395,Theory of Computation,95.1,73.4,53.3,73.9,-41.8,87.8,8,10,80.0,0.6,0,Low Risk
SUBJ-396,Software Engineering,68.3,79.1,86.6,78.0,18.3,49.7,5,10,50.0,0.1,0,Low Risk
SUBJ-397,Machine Learning Fundamentals,77.3,68.2,58.4,68.0,-18.9,83.7,8,10,80.0,0.3,0,Low Risk
SUBJ-398,Object Oriented Programming,98.0,94.1,92.9,95.0,-5.1,56.7,7,10,70.0,0.0,0,Low Risk
SUBJ-399,Discrete Mathematics,44.7,35.4,38.1,39.4,-6.6,43.1,3,10,30.0,74.1,1,High Risk
SUBJ-400,Digital Logic & Design,60.6,78.8,98.0,79.1,37.4,44.9,5,10,50.0,0.0,0,Low Risk
SUBJ-401,Data Structures & Algorithms,42.9,43.9,52.5,46.4,9.6,48.3,4,10,40.0,12.9,0,Low Risk
SUBJ-402,Database Management Systems,31.2,40.4,56.2,42.6,25.0,92.6,9,10,90.0,0.1,0,Low Risk
SUBJ-403,Operating Systems,60.4,44.3,30.3,45.0,-30.1,77.7,9,10,90.0,11.2,0,Low Risk
SUBJ-404,Computer Networks,78.6,75.0,90.5,81.4,11.9,100.0,10,10,100.0,0.0,0,Low Risk
SUBJ-405,Theory of Computation,41.8,42.3,46.7,43.6,4.9,80.5,9,10,90.0,0.6,0,Low Risk
SUBJ-406,Software Engineering,88.8,74.9,71.0,78.2,-17.8,61.0,7,10,70.0,0.3,0,Low Risk
SUBJ-407,Machine Learning Fundamentals,79.1,58.6,44.0,60.6,-35.1,53.2,5,10,50.0,34.7,0,Low Risk
SUBJ-408,Object Oriented Programming,53.6,61.1,66.8,60.5,13.2,83.8,10,10,100.0,0.0,0,Low Risk
SUBJ-409,Discrete Mathematics,48.0,23.1,13.1,28.1,-34.9,85.7,9,10,90.0,48.7,1,Medium Risk
SUBJ-410,Digital Logic & Design,82.2,63.0,49.4,64.9,-32.8,100.0,10,10,100.0,0.2,0,Low Risk
SUBJ-411,Data Structures & Algorithms,78.5,100.0,100.0,92.8,21.5,100.0,8,10,80.0,0.0,0,Low Risk
SUBJ-412,Database Management Systems,52.2,43.6,35.8,43.9,-16.4,77.6,10,10,100.0,3.0,0,Low Risk
SUBJ-413,Operating Systems,52.8,51.3,54.5,52.9,1.7,100.0,10,10,100.0,0.1,0,Low Risk
SUBJ-414,Computer Networks,52.0,38.9,41.3,44.1,-10.7,63.1,8,10,80.0,8.0,0,Low Risk
SUBJ-415,Theory of Computation,81.2,78.1,74.0,77.8,-7.2,100.0,9,10,90.0,0.0,0,Low Risk
SUBJ-416,Software Engineering,76.8,67.2,54.6,66.2,-22.2,92.7,10,10,100.0,0.1,0,Low Risk
SUBJ-417,Machine Learning Fundamentals,63.4,68.1,68.5,66.7,5.1,56.7,6,10,60.0,0.5,0,Low Risk
SUBJ-418,Object Oriented Programming,54.7,51.3,55.5,53.8,0.8,75.1,8,10,80.0,0.5,0,Low Risk
SUBJ-419,Discrete Mathematics,82.8,69.1,65.3,72.4,-17.5,78.1,9,10,90.0,0.1,0,Low Risk
SUBJ-420,Digital Logic & Design,76.4,81.7,92.9,83.7,16.5,100.0,10,10,100.0,0.0,0,Low Risk
SUBJ-421,Data Structures & Algorithms,92.2,83.1,74.7,83.3,-17.5,81.2,8,10,80.0,0.0,0,Low Risk
SUBJ-422,Database Management Systems,93.6,89.7,94.7,92.7,1.1,85.4,9,10,90.0,0.0,0,Low Risk
SUBJ-423,Operating Systems,79.7,70.0,68.0,72.6,-11.7,83.4,9,10,90.0,0.0,0,Low Risk
SUBJ-424,Computer Networks,52.9,35.9,29.2,39.3,-23.7,87.1,7,10,70.0,15.3,0,Low Risk
SUBJ-425,Theory of Computation,75.8,76.5,68.1,73.5,-7.7,87.6,10,10,100.0,0.0,0,Low Risk
SUBJ-426,Software Engineering,55.5,60.5,71.3,62.4,15.8,76.6,9,10,90.0,0.0,0,Low Risk
SUBJ-427,Machine Learning Fundamentals,67.2,80.0,79.9,75.7,12.7,66.4,6,10,60.0,0.0,0,Low Risk
SUBJ-428,Object Oriented Programming,58.1,51.2,40.8,50.0,-17.3,70.5,9,10,90.0,3.4,0,Low Risk
SUBJ-429,Discrete Mathematics,67.0,58.9,46.4,57.4,-20.6,68.3,6,10,60.0,6.5,0,Low Risk
SUBJ-430,Digital Logic & Design,47.5,48.5,43.5,46.5,-4.0,62.5,7,10,70.0,6.3,0,Low Risk
SUBJ-431,Data Structures & Algorithms,83.7,61.8,38.5,61.3,-45.2,99.0,8,10,80.0,2.3,0,Low Risk
SUBJ-432,Database Management Systems,74.5,78.1,78.8,77.1,4.3,73.5,7,10,70.0,0.0,0,Low Risk
SUBJ-433,Operating Systems,90.7,81.1,74.9,82.2,-15.8,72.8,8,10,80.0,0.1,0,Low Risk
SUBJ-434,Computer Networks,59.2,49.5,43.4,50.7,-15.8,62.9,7,10,70.0,8.7,0,Low Risk
SUBJ-435,Theory of Computation,60.4,49.2,43.0,50.9,-17.4,77.0,5,10,50.0,9.1,0,Low Risk
SUBJ-436,Software Engineering,100.0,100.0,100.0,100.0,0.0,66.8,7,10,70.0,0.0,0,Low Risk
SUBJ-437,Machine Learning Fundamentals,50.9,38.1,22.9,37.3,-28.0,86.7,9,10,90.0,14.8,0,Low Risk
SUBJ-438,Object Oriented Programming,67.4,52.1,37.9,52.5,-29.5,86.4,9,10,90.0,2.6,0,Low Risk
SUBJ-439,Discrete Mathematics,76.5,45.5,25.8,49.3,-50.7,90.2,10,10,100.0,10.9,0,Low Risk
SUBJ-440,Digital Logic & Design,87.2,83.2,79.8,83.4,-7.4,64.4,6,10,60.0,0.1,0,Low Risk
SUBJ-441,Data Structures & Algorithms,59.7,47.1,48.3,51.7,-11.4,78.5,8,10,80.0,1.4,0,Low Risk
SUBJ-442,Database Management Systems,56.5,63.4,81.6,67.2,25.1,56.3,5,10,50.0,0.1,0,Low Risk
SUBJ-443,Operating Systems,43.7,30.9,27.7,34.1,-16.0,60.0,7,10,70.0,48.7,1,Medium Risk
SUBJ-444,Computer Networks,41.7,55.7,66.3,54.6,24.6,84.8,9,10,90.0,0.0,0,Low Risk
SUBJ-445,Theory of Computation,89.3,76.5,70.4,78.7,-18.9,86.5,9,10,90.0,0.0,0,Low Risk
SUBJ-446,Software Engineering,84.9,77.0,64.6,75.5,-20.3,68.3,7,10,70.0,0.4,0,Low Risk
SUBJ-447,Machine Learning Fundamentals,69.1,77.9,86.7,77.9,17.6,76.5,9,10,90.0,0.0,0,Low Risk
SUBJ-448,Object Oriented Programming,20.8,15.9,8.3,15.0,-12.5,84.7,7,10,70.0,68.0,1,High Risk
SUBJ-449,Discrete Mathematics,72.5,66.1,63.8,67.5,-8.7,93.2,10,10,100.0,0.0,0,Low Risk
SUBJ-450,Digital Logic & Design,82.8,61.0,44.9,62.9,-37.9,94.2,10,10,100.0,0.6,0,Low Risk
SUBJ-451,Data Structures & Algorithms,67.9,65.6,63.6,65.7,-4.3,58.7,6,10,60.0,1.0,0,Low Risk
SUBJ-452,Database Management Systems,74.0,50.6,59.2,61.3,-14.8,63.7,7,10,70.0,1.6,0,Low Risk
SUBJ-453,Operating Systems,67.1,82.0,95.1,81.4,28.0,100.0,9,10,90.0,0.0,0,Low Risk
SUBJ-454,Computer Networks,57.4,43.3,33.6,44.8,-23.8,78.6,9,10,90.0,6.6,0,Low Risk
SUBJ-455,Theory of Computation,84.6,87.5,79.8,84.0,-4.8,95.5,9,10,90.0,0.0,0,Low Risk
SUBJ-456,Software Engineering,94.8,69.0,46.9,70.2,-47.9,99.9,10,10,100.0,0.4,0,Low Risk
SUBJ-457,Machine Learning Fundamentals,99.4,98.6,100.0,99.3,0.6,68.1,6,10,60.0,0.0,0,Low Risk
SUBJ-458,Object Oriented Programming,39.7,14.9,5.0,19.9,-34.7,74.3,9,10,90.0,84.3,1,High Risk
SUBJ-459,Discrete Mathematics,49.7,49.1,45.3,48.0,-4.4,74.9,9,10,90.0,1.2,0,Low Risk
SUBJ-460,Digital Logic & Design,68.8,74.4,70.8,71.3,2.0,73.5,5,10,50.0,0.2,0,Low Risk
SUBJ-461,Data Structures & Algorithms,48.2,45.6,38.1,44.0,-10.1,73.9,7,10,70.0,7.2,0,Low Risk
SUBJ-462,Database Management Systems,71.0,83.5,100.0,84.8,29.0,61.2,6,10,60.0,0.0,0,Low Risk
SUBJ-463,Operating Systems,64.6,67.8,71.1,67.8,6.5,60.8,8,10,80.0,0.1,0,Low Risk
SUBJ-464,Computer Networks,90.0,92.0,89.5,90.5,-0.5,73.2,7,10,70.0,0.0,0,Low Risk
SUBJ-465,Theory of Computation,58.7,62.0,63.7,61.5,5.0,67.2,5,10,50.0,0.7,0,Low Risk
SUBJ-466,Software Engineering,97.0,100.0,100.0,99.0,3.0,78.0,10,10,100.0,0.0,0,Low Risk
SUBJ-467,Machine Learning Fundamentals,67.4,60.6,56.1,61.4,-11.3,96.9,10,10,100.0,0.1,0,Low Risk
SUBJ-468,Object Oriented Programming,79.2,47.2,25.4,50.6,-53.8,88.4,9,10,90.0,18.3,0,Low Risk
SUBJ-469,Discrete Mathematics,63.4,64.8,63.5,63.9,0.1,94.3,9,10,90.0,0.0,0,Low Risk
SUBJ-470,Digital Logic & Design,63.9,60.9,59.0,61.3,-4.9,67.1,6,10,60.0,1.1,0,Low Risk
SUBJ-471,Data Structures & Algorithms,53.0,62.0,60.6,58.5,7.6,50.4,6,10,60.0,1.6,0,Low Risk
SUBJ-472,Database Management Systems,72.0,45.1,43.1,53.4,-28.9,73.0,8,10,80.0,5.9,0,Low Risk
SUBJ-473,Operating Systems,70.2,52.7,32.7,51.9,-37.5,60.8,5,10,50.0,57.8,1,Medium Risk
SUBJ-474,Computer Networks,35.4,19.2,11.1,21.9,-24.3,75.8,7,10,70.0,78.6,1,High Risk
SUBJ-475,Theory of Computation,100.0,100.0,100.0,100.0,0.0,86.7,7,10,70.0,0.0,0,Low Risk
SUBJ-476,Software Engineering,80.4,77.2,71.0,76.2,-9.4,87.6,8,10,80.0,0.0,0,Low Risk
SUBJ-477,Machine Learning Fundamentals,61.0,46.1,46.2,51.1,-14.8,73.5,8,10,80.0,2.6,0,Low Risk
SUBJ-478,Object Oriented Programming,75.9,76.5,68.7,73.7,-7.2,64.6,5,10,50.0,0.5,0,Low Risk
SUBJ-479,Discrete Mathematics,52.8,65.3,68.7,62.3,15.9,68.5,6,10,60.0,0.2,0,Low Risk
SUBJ-480,Digital Logic & Design,90.0,99.6,100.0,96.5,10.0,58.4,4,10,40.0,0.0,0,Low Risk
SUBJ-481,Data Structures & Algorithms,62.8,46.5,42.0,50.4,-20.8,72.0,8,10,80.0,5.2,0,Low Risk
SUBJ-482,Database Management Systems,66.3,64.7,75.5,68.8,9.2,75.6,7,10,70.0,0.0,0,Low Risk
SUBJ-483,Operating Systems,49.5,73.0,71.2,64.6,21.7,72.5,7,10,70.0,0.0,0,Low Risk
SUBJ-484,Computer Networks,68.2,77.2,98.0,81.1,29.8,76.5,7,10,70.0,0.0,0,Low Risk
SUBJ-485,Theory of Computation,66.5,82.7,90.6,79.9,24.1,73.4,6,10,60.0,0.0,0,Low Risk
SUBJ-486,Software Engineering,61.9,56.8,58.6,59.1,-3.3,90.6,10,10,100.0,0.1,0,Low Risk
SUBJ-487,Machine Learning Fundamentals,60.4,55.3,54.2,56.6,-6.2,68.0,6,10,60.0,2.1,0,Low Risk
SUBJ-488,Object Oriented Programming,81.6,100.0,100.0,93.9,18.4,95.7,9,10,90.0,0.0,0,Low Risk
SUBJ-489,Discrete Mathematics,59.1,48.1,35.1,47.4,-24.0,81.6,7,10,70.0,9.1,0,Low Risk
SUBJ-490,Digital Logic & Design,85.6,85.6,65.1,78.8,-20.5,81.1,8,10,80.0,0.1,0,Low Risk
SUBJ-491,Data Structures & Algorithms,56.7,55.3,57.0,56.3,0.3,75.4,8,10,80.0,0.4,0,Low Risk
SUBJ-492,Database Management Systems,83.9,87.2,97.9,89.7,14.0,51.9,5,10,50.0,0.0,0,Low Risk
SUBJ-493,Operating Systems,95.7,89.7,94.7,93.4,-1.0,76.6,8,10,80.0,0.0,0,Low Risk
SUBJ-494,Computer Networks,91.4,72.4,56.8,73.5,-34.6,61.0,4,10,40.0,8.3,0,Low Risk
SUBJ-495,Theory of Computation,63.2,53.1,43.6,53.3,-19.6,76.2,10,10,100.0,1.3,0,Low Risk
SUBJ-496,Software Engineering,82.6,98.8,100.0,93.8,17.4,71.9,6,10,60.0,0.0,0,Low Risk
SUBJ-497,Machine Learning Fundamentals,74.1,78.3,81.2,77.9,7.1,71.0,6,10,60.0,0.0,0,Low Risk
SUBJ-498,Object Oriented Programming,66.7,62.7,65.0,64.8,-1.7,82.8,7,10,70.0,0.1,0,Low Risk
SUBJ-499,Discrete Mathematics,59.7,59.5,60.5,59.9,0.8,99.3,9,10,90.0,0.0,0,Low Risk
SUBJ-500,Digital Logic & Design,67.9,69.3,79.5,72.2,11.6,85.3,8,10,80.0,0.0,0,Low Risk
SUBJ-501,Data Structures & Algorithms,69.4,74.1,71.5,71.7,2.1,51.9,5,10,50.0,0.6,0,Low Risk
SUBJ-502,Database Management Systems,67.3,61.5,56.2,61.7,-11.1,65.6,8,10,80.0,0.9,0,Low Risk
SUBJ-503,Operating Systems,56.9,57.3,52.3,55.5,-4.6,84.7,8,10,80.0,0.4,0,Low Risk
SUBJ-504,Computer Networks,41.8,44.7,47.2,44.6,5.4,95.3,7,10,70.0,0.5,0,Low Risk
SUBJ-505,Theory of Computation,99.2,93.5,79.2,90.6,-20.0,61.4,6,10,60.0,0.1,0,Low Risk
SUBJ-506,Software Engineering,100.0,100.0,95.1,98.4,-4.9,97.0,10,10,100.0,0.0,0,Low Risk
SUBJ-507,Machine Learning Fundamentals,68.6,79.1,89.9,79.2,21.3,91.9,10,10,100.0,0.0,0,Low Risk
SUBJ-508,Object Oriented Programming,65.5,68.2,72.5,68.7,7.0,80.4,9,10,90.0,0.0,0,Low Risk
SUBJ-509,Discrete Mathematics,69.7,59.1,51.4,60.1,-18.3,89.9,9,10,90.0,0.3,0,Low Risk
SUBJ-510,Digital Logic & Design,65.4,72.6,87.1,75.0,21.7,56.5,5,10,50.0,0.1,0,Low Risk
SUBJ-511,Data Structures & Algorithms,63.7,78.4,86.0,76.0,22.3,89.6,6,10,60.0,0.0,0,Low Risk
SUBJ-512,Database Management Systems,63.5,63.6,66.6,64.6,3.1,81.8,10,10,100.0,0.0,0,Low Risk
SUBJ-513,Operating Systems,66.3,76.2,86.9,76.5,20.6,30.0,4,10,40.0,0.4,0,Low Risk
SUBJ-514,Computer Networks,63.3,60.2,41.1,54.9,-22.2,100.0,10,10,100.0,0.4,0,Low Risk
SUBJ-515,Theory of Computation,89.1,84.5,91.3,88.3,2.2,53.1,6,10,60.0,0.0,0,Low Risk
SUBJ-516,Software Engineering,91.4,76.1,62.2,76.6,-29.2,65.6,4,10,40.0,2.9,0,Low Risk
SUBJ-517,Machine Learning Fundamentals,45.0,70.8,83.3,66.4,38.3,65.0,6,10,60.0,0.0,0,Low Risk
SUBJ-518,Object Oriented Programming,90.2,93.5,100.0,94.6,9.8,100.0,10,10,100.0,0.0,0,Low Risk
SUBJ-519,Discrete Mathematics,74.6,54.8,52.5,60.6,-22.1,65.7,8,10,80.0,2.2,0,Low Risk
SUBJ-520,Digital Logic & Design,82.9,79.1,60.8,74.3,-22.1,89.1,9,10,90.0,0.1,0,Low Risk
SUBJ-521,Data Structures & Algorithms,80.1,87.9,94.1,87.4,14.0,82.2,10,10,100.0,0.0,0,Low Risk
SUBJ-522,Database Management Systems,70.2,71.9,81.5,74.5,11.3,64.8,4,10,40.0,0.1,0,Low Risk
SUBJ-523,Operating Systems,65.1,55.9,46.9,56.0,-18.2,96.0,10,10,100.0,0.2,0,Low Risk
SUBJ-524,Computer Networks,100.0,75.3,79.7,85.0,-20.3,79.5,8,10,80.0,0.0,0,Low Risk
SUBJ-525,Theory of Computation,28.3,32.4,23.4,28.0,-4.9,62.8,8,10,80.0,35.8,1,Medium Risk
SUBJ-526,Software Engineering,90.2,100.0,100.0,96.7,9.8,94.7,10,10,100.0,0.0,0,Low Risk
SUBJ-527,Machine Learning Fundamentals,33.8,25.9,18.4,26.0,-15.4,81.2,8,10,80.0,34.3,0,Low Risk
SUBJ-528,Object Oriented Programming,83.5,79.9,62.6,75.3,-20.9,88.2,8,10,80.0,0.1,0,Low Risk
SUBJ-529,Discrete Mathematics,60.4,71.7,83.2,71.8,22.8,60.7,6,10,60.0,0.0,0,Low Risk
SUBJ-530,Digital Logic & Design,73.0,78.2,88.6,79.9,15.6,81.2,8,10,80.0,0.0,0,Low Risk
SUBJ-531,Data Structures & Algorithms,82.3,71.4,70.8,74.8,-11.5,72.3,6,10,60.0,0.2,0,Low Risk
SUBJ-532,Database Management Systems,53.7,55.3,52.6,53.9,-1.1,82.3,8,10,80.0,0.4,0,Low Risk
SUBJ-533,Operating Systems,80.0,92.3,93.6,88.6,13.6,53.7,5,10,50.0,0.0,0,Low Risk
SUBJ-534,Computer Networks,81.2,72.0,67.9,73.7,-13.3,83.5,9,10,90.0,0.0,0,Low Risk
SUBJ-535,Theory of Computation,58.9,42.9,36.0,45.9,-22.9,79.0,8,10,80.0,7.3,0,Low Risk
SUBJ-536,Software Engineering,93.1,98.4,100.0,97.2,6.9,55.5,6,10,60.0,0.0,0,Low Risk
SUBJ-537,Machine Learning Fundamentals,90.3,100.0,100.0,96.8,9.7,87.1,9,10,90.0,0.0,0,Low Risk
SUBJ-538,Object Oriented Programming,86.8,100.0,100.0,95.6,13.2,73.1,7,10,70.0,0.0,0,Low Risk
SUBJ-539,Discrete Mathematics,65.2,74.9,72.9,71.0,7.7,67.1,7,10,70.0,0.1,0,Low Risk
SUBJ-540,Digital Logic & Design,37.2,18.5,15.3,23.7,-21.9,70.4,7,10,70.0,75.6,1,High Risk
SUBJ-541,Data Structures & Algorithms,81.5,57.9,41.9,60.4,-39.6,56.0,5,10,50.0,39.9,1,Medium Risk
SUBJ-542,Database Management Systems,62.7,70.5,62.4,65.2,-0.3,78.6,7,10,70.0,0.2,0,Low Risk
SUBJ-543,Operating Systems,36.8,11.4,5.0,17.7,-31.8,57.0,6,10,60.0,98.1,1,High Risk
SUBJ-544,Computer Networks,100.0,91.5,92.3,94.6,-7.7,70.8,8,10,80.0,0.0,0,Low Risk
SUBJ-545,Theory of Computation,40.8,33.8,28.5,34.4,-12.3,73.9,7,10,70.0,23.6,0,Low Risk
SUBJ-546,Software Engineering,61.2,63.0,49.3,57.8,-11.9,70.0,7,10,70.0,2.0,0,Low Risk
SUBJ-547,Machine Learning Fundamentals,73.2,70.6,59.3,67.7,-13.9,86.8,8,10,80.0,0.2,0,Low Risk
SUBJ-548,Object Oriented Programming,64.5,60.8,57.8,61.0,-6.7,100.0,10,10,100.0,0.0,0,Low Risk
SUBJ-549,Discrete Mathematics,67.4,51.3,50.2,56.3,-17.2,74.3,8,10,80.0,1.6,0,Low Risk
SUBJ-550,Digital Logic & Design,53.8,62.3,67.3,61.1,13.5,81.1,8,10,80.0,0.0,0,Low Risk
SUBJ-551,Data Structures & Algorithms,83.7,81.1,74.9,79.9,-8.8,86.1,9,10,90.0,0.0,0,Low Risk
SUBJ-552,Database Management Systems,84.1,68.1,42.7,65.0,-41.4,83.3,7,10,70.0,4.1,0,Low Risk
SUBJ-553,Operating Systems,81.3,73.8,75.2,76.8,-6.1,52.8,6,10,60.0,0.4,0,Low Risk
SUBJ-554,Computer Networks,77.5,59.0,50.8,62.4,-26.7,95.0,9,10,90.0,0.3,0,Low Risk
SUBJ-555,Theory of Computation,78.3,61.8,49.9,63.3,-28.4,78.4,7,10,70.0,2.1,0,Low Risk
SUBJ-556,Software Engineering,90.5,100.0,100.0,96.8,9.5,91.4,10,10,100.0,0.0,0,Low Risk
SUBJ-557,Machine Learning Fundamentals,55.6,57.2,57.9,56.9,2.3,91.6,10,10,100.0,0.1,0,Low Risk
SUBJ-558,Object Oriented Programming,53.9,39.1,34.0,42.3,-19.9,100.0,10,10,100.0,1.2,0,Low Risk
SUBJ-559,Discrete Mathematics,67.2,72.9,80.5,73.5,13.3,74.9,7,10,70.0,0.0,0,Low Risk
SUBJ-560,Digital Logic & Design,89.8,100.0,100.0,96.6,10.2,66.7,7,10,70.0,0.0,0,Low Risk
SUBJ-561,Data Structures & Algorithms,76.7,56.4,46.0,59.7,-30.7,79.9,6,10,60.0,5.1,0,Low Risk
SUBJ-562,Database Management Systems,70.6,55.6,41.0,55.7,-29.6,74.0,8,10,80.0,5.4,0,Low Risk
SUBJ-563,Operating Systems,100.0,76.2,63.8,80.0,-36.2,98.0,10,10,100.0,0.0,0,Low Risk
SUBJ-564,Computer Networks,67.6,88.1,91.1,82.3,23.5,82.1,7,10,70.0,0.0,0,Low Risk
SUBJ-565,Theory of Computation,44.9,31.7,32.7,36.4,-12.2,75.8,7,10,70.0,15.9,0,Low Risk
SUBJ-566,Software Engineering,88.0,86.0,85.5,86.5,-2.5,74.5,7,10,70.0,0.0,0,Low Risk
SUBJ-567,Machine Learning Fundamentals,37.6,43.1,39.9,40.2,2.3,74.8,9,10,90.0,1.9,0,Low Risk
SUBJ-568,Object Oriented Programming,42.0,47.3,52.3,47.2,10.3,84.5,7,10,70.0,0.5,0,Low Risk
SUBJ-569,Discrete Mathematics,88.9,86.9,77.4,84.4,-11.5,94.2,9,10,90.0,0.0,0,Low Risk
SUBJ-570,Digital Logic & Design,91.4,93.0,100.0,94.8,8.6,48.4,5,10,50.0,0.0,0,Low Risk
SUBJ-571,Data Structures & Algorithms,25.1,47.5,49.0,40.5,23.9,75.9,7,10,70.0,0.7,0,Low Risk
SUBJ-572,Database Management Systems,91.9,99.0,100.0,97.0,8.1,60.7,7,10,70.0,0.0,0,Low Risk
SUBJ-573,Operating Systems,77.8,78.1,72.6,76.2,-5.2,60.1,6,10,60.0,0.3,0,Low Risk
SUBJ-574,Computer Networks,60.2,56.0,63.9,60.0,3.7,87.7,10,10,100.0,0.0,0,Low Risk
SUBJ-575,Theory of Computation,41.8,55.9,59.6,52.4,17.8,65.4,8,10,80.0,0.3,0,Low Risk
SUBJ-576,Software Engineering,69.8,68.7,69.1,69.2,-0.7,64.4,8,10,80.0,0.1,0,Low Risk
SUBJ-577,Machine Learning Fundamentals,88.0,77.5,69.8,78.4,-18.2,63.9,7,10,70.0,0.3,0,Low Risk
SUBJ-578,Object Oriented Programming,75.3,72.4,63.7,70.5,-11.6,70.3,9,10,90.0,0.2,0,Low Risk
SUBJ-579,Discrete Mathematics,51.9,62.2,73.5,62.5,21.6,100.0,10,10,100.0,0.0,0,Low Risk
SUBJ-580,Digital Logic & Design,93.0,80.3,75.4,82.9,-17.6,74.9,7,10,70.0,0.1,0,Low Risk
SUBJ-581,Data Structures & Algorithms,55.2,62.9,64.1,60.7,8.9,72.9,8,10,80.0,0.1,0,Low Risk
SUBJ-582,Database Management Systems,56.9,63.0,60.6,60.2,3.7,74.4,7,10,70.0,0.3,0,Low Risk
SUBJ-583,Operating Systems,54.1,48.1,35.7,46.0,-18.4,77.3,7,10,70.0,9.1,0,Low Risk
SUBJ-584,Computer Networks,43.0,52.5,58.0,51.2,15.0,70.0,7,10,70.0,0.5,0,Low Risk
SUBJ-585,Theory of Computation,68.4,62.5,62.3,64.4,-6.1,80.4,8,10,80.0,0.2,0,Low Risk
SUBJ-586,Software Engineering,77.3,90.2,100.0,89.2,22.7,74.9,8,10,80.0,0.0,0,Low Risk
SUBJ-587,Machine Learning Fundamentals,57.2,61.2,75.1,64.5,17.9,76.4,10,10,100.0,0.0,0,Low Risk
SUBJ-588,Object Oriented Programming,49.0,48.1,46.4,47.8,-2.6,74.9,7,10,70.0,2.2,0,Low Risk
SUBJ-589,Discrete Mathematics,73.4,79.4,81.8,78.2,8.4,77.4,8,10,80.0,0.0,0,Low Risk
SUBJ-590,Digital Logic & Design,68.4,80.0,100.0,82.8,31.6,95.5,10,10,100.0,0.0,0,Low Risk
SUBJ-591,Data Structures & Algorithms,100.0,91.7,83.5,91.7,-16.5,87.7,7,10,70.0,0.0,0,Low Risk
SUBJ-592,Database Management Systems,57.5,68.1,80.1,68.6,22.6,86.8,8,10,80.0,0.0,0,Low Risk
SUBJ-593,Operating Systems,54.8,49.0,51.8,51.9,-3.0,69.4,7,10,70.0,1.8,0,Low Risk
SUBJ-594,Computer Networks,67.2,56.2,57.0,60.1,-10.2,82.8,7,10,70.0,0.5,0,Low Risk
SUBJ-595,Theory of Computation,81.6,79.2,71.8,77.5,-9.8,51.5,6,10,60.0,0.6,0,Low Risk
SUBJ-596,Software Engineering,70.0,64.1,61.6,65.2,-8.4,75.1,9,10,90.0,0.2,0,Low Risk
SUBJ-597,Machine Learning Fundamentals,49.7,41.3,25.6,38.9,-24.1,60.6,6,10,60.0,62.7,1,Medium Risk
SUBJ-598,Object Oriented Programming,43.0,46.1,47.7,45.6,4.7,76.1,9,10,90.0,0.7,0,Low Risk
SUBJ-599,Discrete Mathematics,53.9,52.2,58.0,54.7,4.1,75.6,7,10,70.0,0.5,0,Low Risk
SUBJ-600,Digital Logic & Design,69.8,53.5,37.5,53.6,-32.3,65.6,7,10,70.0,18.8,0,Low Risk
SUBJ-601,Data Structures & Algorithms,72.6,81.5,78.3,77.5,5.7,81.9,6,10,60.0,0.0,0,Low Risk
SUBJ-602,Database Management Systems,60.4,61.9,66.3,62.9,5.9,55.6,6,10,60.0,0.7,0,Low Risk
SUBJ-603,Operating Systems,86.1,83.9,89.0,86.3,2.9,86.3,8,10,80.0,0.0,0,Low Risk
SUBJ-604,Computer Networks,53.3,44.0,29.2,42.2,-24.1,72.9,8,10,80.0,18.8,0,Low Risk
SUBJ-605,Theory of Computation,79.7,61.7,41.1,60.8,-38.6,79.4,8,10,80.0,4.4,0,Low Risk
SUBJ-606,Software Engineering,60.6,45.4,47.6,51.2,-13.0,87.3,9,10,90.0,0.6,0,Low Risk
SUBJ-607,Machine Learning Fundamentals,41.6,46.4,55.4,47.8,13.8,93.2,9,10,90.0,0.1,0,Low Risk
SUBJ-608,Object Oriented Programming,56.6,55.9,48.4,53.6,-8.2,52.5,6,10,60.0,9.4,0,Low Risk
SUBJ-609,Discrete Mathematics,62.7,48.1,35.0,48.6,-27.7,60.1,6,10,60.0,38.2,1,Medium Risk
SUBJ-610,Digital Logic & Design,39.8,21.5,8.4,23.2,-31.4,71.7,7,10,70.0,88.1,1,High Risk
SUBJ-611,Data Structures & Algorithms,90.0,76.9,69.1,78.7,-20.9,71.8,5,10,50.0,0.5,0,Low Risk
SUBJ-612,Database Management Systems,61.2,56.3,53.1,56.9,-8.1,62.2,6,10,60.0,3.4,0,Low Risk
SUBJ-613,Operating Systems,100.0,93.8,100.0,97.9,0.0,67.6,6,10,60.0,0.0,0,Low Risk
SUBJ-614,Computer Networks,59.9,65.9,65.7,63.8,5.8,67.7,4,10,40.0,0.7,0,Low Risk
SUBJ-615,Theory of Computation,40.9,31.4,22.7,31.7,-18.2,67.8,6,10,60.0,61.1,1,Medium Risk
SUBJ-616,Software Engineering,99.3,100.0,95.2,98.2,-4.1,71.8,6,10,60.0,0.0,0,Low Risk
SUBJ-617,Machine Learning Fundamentals,84.1,70.2,55.2,69.8,-28.9,63.4,6,10,60.0,3.5,0,Low Risk
SUBJ-618,Object Oriented Programming,33.8,53.3,60.0,49.0,26.2,83.7,8,10,80.0,0.1,0,Low Risk
SUBJ-619,Discrete Mathematics,58.2,52.7,50.1,53.7,-8.1,86.4,10,10,100.0,0.2,0,Low Risk
SUBJ-620,Digital Logic & Design,43.5,68.3,81.8,64.5,38.3,98.5,10,10,100.0,0.0,0,Low Risk
SUBJ-621,Data Structures & Algorithms,49.9,39.6,38.3,42.6,-11.6,100.0,10,10,100.0,0.6,0,Low Risk
SUBJ-622,Database Management Systems,46.1,13.0,5.5,21.5,-40.6,88.0,9,10,90.0,74.3,1,High Risk
SUBJ-623,Operating Systems,65.1,71.3,71.9,69.4,6.8,48.2,6,10,60.0,0.5,0,Low Risk
SUBJ-624,Computer Networks,33.9,18.3,5.0,19.1,-28.9,56.7,4,10,40.0,98.9,1,High Risk
SUBJ-625,Theory of Computation,79.5,92.3,97.5,89.8,18.0,84.0,7,10,70.0,0.0,0,Low Risk
SUBJ-626,Software Engineering,57.5,66.5,75.1,66.4,17.6,75.6,9,10,90.0,0.0,0,Low Risk
SUBJ-627,Machine Learning Fundamentals,61.2,68.6,84.2,71.3,23.0,86.2,7,10,70.0,0.0,0,Low Risk
SUBJ-628,Object Oriented Programming,41.9,34.1,41.3,39.1,-0.6,71.9,8,10,80.0,4.0,0,Low Risk
SUBJ-629,Discrete Mathematics,73.2,60.6,48.1,60.6,-25.1,74.6,8,10,80.0,1.9,0,Low Risk
SUBJ-630,Digital Logic & Design,75.2,83.4,98.2,85.6,23.0,30.0,2,10,20.0,0.2,0,Low Risk
SUBJ-631,Data Structures & Algorithms,68.0,81.3,79.3,76.2,11.3,86.2,7,10,70.0,0.0,0,Low Risk
SUBJ-632,Database Management Systems,65.1,53.5,60.9,59.8,-4.2,89.0,8,10,80.0,0.1,0,Low Risk
SUBJ-633,Operating Systems,53.7,61.6,65.0,60.1,11.3,93.8,9,10,90.0,0.0,0,Low Risk
SUBJ-634,Computer Networks,73.8,53.4,47.4,58.2,-26.4,93.4,10,10,100.0,0.4,0,Low Risk
SUBJ-635,Theory of Computation,65.9,81.1,92.2,79.7,26.3,48.3,4,10,40.0,0.1,0,Low Risk
SUBJ-636,Software Engineering,59.3,63.9,57.8,60.3,-1.5,55.9,3,10,30.0,6.4,0,Low Risk
SUBJ-637,Machine Learning Fundamentals,63.2,53.9,47.1,54.7,-16.1,78.4,8,10,80.0,1.5,0,Low Risk
SUBJ-638,Object Oriented Programming,43.2,37.6,39.3,40.0,-3.9,65.8,6,10,60.0,14.4,0,Low Risk
SUBJ-639,Discrete Mathematics,93.1,75.3,55.1,74.5,-38.0,60.1,4,10,40.0,10.5,0,Low Risk
SUBJ-640,Digital Logic & Design,71.7,88.1,100.0,86.6,28.3,74.1,8,10,80.0,0.0,0,Low Risk
SUBJ-641,Data Structures & Algorithms,61.1,52.9,34.7,49.6,-26.4,78.8,9,10,90.0,5.0,0,Low Risk
SUBJ-642,Database Management Systems,83.0,72.2,60.2,71.8,-22.8,62.3,4,10,40.0,3.8,0,Low Risk
SUBJ-643,Operating Systems,62.8,54.2,31.7,49.6,-31.1,70.1,7,10,70.0,23.3,0,Low Risk
SUBJ-644,Computer Networks,61.0,56.8,47.9,55.2,-13.1,75.7,5,10,50.0,4.4,0,Low Risk
SUBJ-645,Theory of Computation,65.7,50.7,45.5,54.0,-20.2,84.4,9,10,90.0,1.0,0,Low Risk
SUBJ-646,Software Engineering,64.9,86.2,88.3,79.8,23.4,100.0,8,10,80.0,0.0,0,Low Risk
SUBJ-647,Machine Learning Fundamentals,50.8,50.0,55.5,52.1,4.7,89.0,8,10,80.0,0.2,0,Low Risk
SUBJ-648,Object Oriented Programming,77.2,92.5,100.0,89.9,22.8,85.9,8,10,80.0,0.0,0,Low Risk
SUBJ-649,Discrete Mathematics,50.3,51.2,40.7,47.4,-9.6,70.7,7,10,70.0,5.8,0,Low Risk
SUBJ-650,Digital Logic & Design,89.5,89.5,97.8,92.3,8.3,51.3,6,10,60.0,0.0,0,Low Risk
SUBJ-651,Data Structures & Algorithms,95.0,96.4,98.0,96.5,3.0,85.3,8,10,80.0,0.0,0,Low Risk
SUBJ-652,Database Management Systems,52.8,41.0,27.3,40.4,-25.5,65.4,6,10,60.0,52.7,1,Medium Risk
SUBJ-653,Operating Systems,70.7,71.0,69.3,70.3,-1.4,75.8,7,10,70.0,0.1,0,Low Risk
SUBJ-654,Computer Networks,45.3,24.5,11.2,27.0,-34.1,91.8,9,10,90.0,43.0,1,Medium Risk
SUBJ-655,Theory of Computation,62.9,73.9,74.1,70.3,11.2,64.5,5,10,50.0,0.2,0,Low Risk
SUBJ-656,Software Engineering,64.7,63.8,58.0,62.2,-6.7,82.7,7,10,70.0,0.3,0,Low Risk
SUBJ-657,Machine Learning Fundamentals,86.0,79.3,81.3,82.2,-4.7,69.5,9,10,90.0,0.0,0,Low Risk
SUBJ-658,Object Oriented Programming,55.2,55.5,61.5,57.4,6.3,88.4,9,10,90.0,0.1,0,Low Risk
SUBJ-659,Discrete Mathematics,79.9,82.7,80.9,81.2,1.0,78.9,10,10,100.0,0.0,0,Low Risk
SUBJ-660,Digital Logic & Design,75.3,76.1,84.1,78.5,8.8,81.6,7,10,70.0,0.0,0,Low Risk
SUBJ-661,Data Structures & Algorithms,57.1,45.0,32.6,44.9,-24.5,54.2,4,10,40.0,71.0,1,High Risk
SUBJ-662,Database Management Systems,74.4,58.5,61.2,64.7,-13.2,60.0,6,10,60.0,1.9,0,Low Risk
SUBJ-663,Operating Systems,47.3,51.9,61.0,53.4,13.7,85.4,9,10,90.0,0.1,0,Low Risk
SUBJ-664,Computer Networks,69.8,83.1,94.1,82.3,24.3,84.4,7,10,70.0,0.0,0,Low Risk
SUBJ-665,Theory of Computation,50.9,53.8,54.0,52.9,3.1,73.4,9,10,90.0,0.4,0,Low Risk
SUBJ-666,Software Engineering,79.6,97.1,100.0,92.2,20.4,86.2,9,10,90.0,0.0,0,Low Risk
SUBJ-667,Machine Learning Fundamentals,100.0,83.0,82.5,88.5,-17.5,78.6,7,10,70.0,0.0,0,Low Risk
SUBJ-668,Object Oriented Programming,64.4,80.1,82.4,75.6,18.0,88.6,10,10,100.0,0.0,0,Low Risk
SUBJ-669,Discrete Mathematics,36.6,33.9,31.9,34.1,-4.7,66.7,6,10,60.0,28.0,0,Low Risk
SUBJ-670,Digital Logic & Design,43.3,45.9,53.3,47.5,10.0,83.3,9,10,90.0,0.2,0,Low Risk
SUBJ-671,Data Structures & Algorithms,72.7,67.4,67.4,69.2,-5.3,85.1,8,10,80.0,0.1,0,Low Risk
SUBJ-672,Database Management Systems,67.0,58.5,52.3,59.3,-14.7,89.0,10,10,100.0,0.2,0,Low Risk
SUBJ-673,Operating Systems,68.9,60.6,55.1,61.5,-13.8,74.1,9,10,90.0,0.5,0,Low Risk
SUBJ-674,Computer Networks,75.1,92.4,99.4,89.0,24.3,56.5,5,10,50.0,0.0,0,Low Risk
SUBJ-675,Theory of Computation,57.5,61.7,59.3,59.5,1.8,77.5,8,10,80.0,0.2,0,Low Risk
SUBJ-676,Software Engineering,63.8,58.2,59.6,60.5,-4.2,80.5,7,10,70.0,0.3,0,Low Risk
SUBJ-677,Machine Learning Fundamentals,70.1,51.9,41.1,54.4,-29.0,88.2,10,10,100.0,1.1,0,Low Risk
SUBJ-678,Object Oriented Programming,86.8,99.4,100.0,95.4,13.2,72.6,9,10,90.0,0.0,0,Low Risk
SUBJ-679,Discrete Mathematics,60.3,54.0,49.1,54.5,-11.2,89.0,9,10,90.0,0.4,0,Low Risk
SUBJ-680,Digital Logic & Design,74.7,84.6,81.6,80.3,6.9,63.5,5,10,50.0,0.1,0,Low Risk
SUBJ-681,Data Structures & Algorithms,48.7,53.9,50.8,51.1,2.1,83.4,7,10,70.0,0.6,0,Low Risk
SUBJ-682,Database Management Systems,59.0,51.9,45.6,52.2,-13.4,82.6,9,10,90.0,0.9,0,Low Risk
SUBJ-683,Operating Systems,79.4,85.6,90.7,85.2,11.3,77.9,5,10,50.0,0.0,0,Low Risk
SUBJ-684,Computer Networks,91.4,79.5,63.7,78.2,-27.7,100.0,9,10,90.0,0.0,0,Low Risk
SUBJ-685,Theory of Computation,50.4,61.1,64.6,58.7,14.2,65.2,8,10,80.0,0.2,0,Low Risk
SUBJ-686,Software Engineering,66.8,64.9,64.1,65.3,-2.7,76.0,8,10,80.0,0.1,0,Low Risk
SUBJ-687,Machine Learning Fundamentals,100.0,94.2,87.7,94.0,-12.3,87.4,7,10,70.0,0.0,0,Low Risk
SUBJ-688,Object Oriented Programming,68.3,65.7,76.6,70.2,8.3,87.1,8,10,80.0,0.0,0,Low Risk
SUBJ-689,Discrete Mathematics,79.1,69.5,70.9,73.2,-8.2,68.2,7,10,70.0,0.2,0,Low Risk
SUBJ-690,Digital Logic & Design,86.8,83.2,97.5,89.2,10.7,87.5,6,10,60.0,0.0,0,Low Risk
SUBJ-691,Data Structures & Algorithms,78.6,58.7,53.7,63.7,-24.9,72.2,7,10,70.0,1.9,0,Low Risk
SUBJ-692,Database Management Systems,49.9,37.5,35.7,41.0,-14.2,82.9,8,10,80.0,5.3,0,Low Risk
SUBJ-693,Operating Systems,93.3,100.0,100.0,97.8,6.7,88.1,10,10,100.0,0.0,0,Low Risk
SUBJ-694,Computer Networks,77.8,77.0,79.0,77.9,1.2,64.0,4,10,40.0,0.2,0,Low Risk
SUBJ-695,Theory of Computation,100.0,89.6,84.3,91.3,-15.7,69.2,9,10,90.0,0.0,0,Low Risk
SUBJ-696,Software Engineering,68.0,62.7,65.4,65.4,-2.6,82.6,8,10,80.0,0.1,0,Low Risk
SUBJ-697,Machine Learning Fundamentals,77.3,68.6,74.1,73.3,-3.2,95.6,9,10,90.0,0.0,0,Low Risk
SUBJ-698,Object Oriented Programming,36.6,21.7,10.7,23.0,-25.9,56.6,6,10,60.0,94.7,1,High Risk
SUBJ-699,Discrete Mathematics,22.7,29.5,23.5,25.2,0.8,78.3,9,10,90.0,11.5,0,Low Risk
SUBJ-700,Digital Logic & Design,63.3,84.3,96.6,81.4,33.3,58.7,6,10,60.0,0.0,0,Low Risk
